Company,Website
13Layers,https://13layers.com/
Able Engine,https://www.streamline.us/
Advantage Resource,https://advantageresource.com
Alltech,https://alltech.com
APAX Software,https://apaxsoftware.com
AppOmni,https://appomni.com
Archvision,https://archvision.com
AVAIL,https://getavail.com
Avnet,https://avnet.com
Awesome Inc,https://awesomeinc.org
Badger Technologies,https://badger-technologies.com
Bastian Solutions,https://bastiansolutions.com
Belcan,https://belcan.com
Big Ass Fans,https://bigassfans.com
Bit Source,https://bitsourceky.com/
Bitwerx,https://bitwerx.com
BlueFrame Technologies,https://blueframetech.com
Bluegrass Integrated Communications,https://wearebluegrass.com/
Bolt Marketing,https://boltmarketing.com
BORN Agency,https://ideasareborn.com
Buds Gun Shop,https://budsgunshop.com
Buildcalc,https://www.buildcalc.com/
Bullhorn,https://bullhorncreative.com
Buzzmaven,https://buzzmaven.com
CABEM Technologies,https://cabem.com
CDP,https://cdpehs.com
CentrAlert,https://centralert.com/
CleanMedia,https://www.cleanmedia.net/
Coastal Cloud,https://coastalcloud.us/
Code Kentucky,https://codekentucky.org
Complet3D,https://www.complet3d.com/
Connected Patients LLC,https://connectedpatients.com/
WellSky,https://wellsky.com/
Cornett,https://teamcornett.com
Correct Care,https://correctcare.com
Corrisoft,https://corrisoft.com
Creekmore Marketing,https://www.creekmoremarketing.com/
Cycom Data Solutions,https://cycominc.com
Infineon Technologies,https://www.infineon.com/
DecoArt,https://decoart.com
Delivery Co-Op,https://delivery.coop
Designr,https://designrlex.com
eCampus,https://ecampus.com
EKU,https://eku.edu
eLink,https://elinkdesign.com
RSET,https://rset.com/
ezTurn,https://ezturn.net
Fark,https://fark.com
Fayette County Public Schools,https://fcps.net
Fishback Management and Research,https://donfishback.com
Flywire Cameras,https://www.flywirecameras.com/
Fooji,https://fooji.com
Frogdice,https://frogdice.com
Fusioncorp,https://fusioncorpdesign.com
Galls,https://www.galls.com/
Gray Solutions,https://graysolutions.com
Greektrack,https://greektrack.com
Gun.,https://www.guninteractive.com/
Health Tech Solutions,https://healthtechsolutions.com
Hensley / Elam,https://hea.biz/
HippoManager,https://hippomanager.com
Horizon Performance,https://horizonperformance.com
Jockey Club,https://www.jockeyclub.com/
KET,https://ket.org
Kinemetrix,https://kinemetrix.com
KSTC,https://kstc.com
Lexmark,https://lexmark.com
LFUCG,https://lexingtonky.gov
Marrow,https://www.madebymarrow.com/
MedMovie,https://medmovie.com
Middle Tech,https://www.middletech.com/
NetGain Technologies,https://netgainit.com
NonBinary Solutions,https://nonbinarysolutions.com
OmniLife,https://www.getomnilife.com/
OpenText,https://opentext.com
Oracle,https://oracle.com
PayHOA,https://www.payhoa.com/
Phishing Box,https://www.phishingbox.com/
PlanStreet,https://www.planstreetinc.com/
ProspectTrax,https://prospecttrax.com
Prosper Media Group,https://prospermg.com
Protack,https://protackllc.com
R J Corman Railroad Group LLC,https://www.rjcorman.com/
Rave On Sports,https://raveonsports.com/
Rubicon,https://rubicon.com
SaaS Partners,https://saaspartners.io
Scante,https://scante.net/
Crowe Horwath,https://www.crowe.com/
Seikowave,https://seikowave.com
Silver Fern Group,https://silverfern.group
SIS,https://thinksis.com
Space Tango,https://spacetango.com
Stellar TechWorks,https://stellartechworks.com/
Studio 34 Productions,https://studio34.net
SalesRiver,https://salesriver.com/
The Solarity Group,https://solarity.com/
Thesis Education,https://thesis.education/
ThynkHealth,https://thynkhealth.com
Trifecta,https://www.trifectaky.com/
Triton Container International Inc.,https://www.tritoninternational.com/
Twinspires,https://www.twinspires.com/
University of Kentucky,https://uky.edu
United States Equestrian Federation (USEF),https://usef.org
Valvoline,https://valvoline.com
VeBridge,https://vebridge.com
VetData,https://vetdata.com
VividCharts,https://www.vividcharts.com/
Volta,https://voltainc.com/
Wild Health,https://www.wildhealth.com/
Xact Communications,https://www.xactcommunications.com/
Xometry,https://xometry.com
Xooker,https://xooker.com/
Zipie,https://zipie.com/
Zudy,https://Zudy.com